{"path": [102, 107, 116], "start": [-3.1367138209302694, 42.71338829321811], "end": [-10.860676360541852, -50.396457951412074]}