{"path": [127, 136, 142], "start": [266.3663614032689, -90.47331742179003], "end": [347.55120532452804, -112.629649102664]}