{"path": [145, 151, 157], "start": [-39.29822218323422, 47.429518308826054], "end": [-40.65367771491469, 58.16364367869754]}